1,ORD_0000001,2024-11-29 20:46:05.473,NULL
2,ORD_0000002,2024-11-29 20:46:05.473,NULL
3,ORD_011,2024-11-29 20:46:05.473,NULL
4,ORD_0000004,2024-11-29 20:46:05.473,NULL
5,ORD_0000005,2024-11-29 20:46:05.473,NULL
6,ORD_0000006,2024-11-29 20:46:05.473,NULL
7,ORD_0000007,2024-11-29 20:46:05.473,NULL
8,ORD_0000008,2024-11-29 20:46:05.473,NULL
9,ORD_0000009,2024-11-29 20:46:05.473,NULL
10,ORD_0000010,2024-11-29 20:46:05.473,NULL
11,ORD_0000011,2024-11-29 20:46:05.473,NULL
12,ORD_0000012,2024-11-29 20:46:05.473,NULL
13,ORD_0000013,2024-11-29 20:46:05.473,NULL
14,ORD_0000014,2024-11-29 20:46:05.473,NULL
15,ORD_0000015,2024-11-29 20:46:05.473,NULL
16,ORD_0000016,2024-11-29 20:46:05.473,NULL
17,ORD_0000017,2024-11-29 20:46:05.473,NULL
18,ORD_0000018,2024-11-29 20:46:05.473,NULL
19,ORD_0000019,2024-11-29 20:46:05.473,NULL
20,ORD_0000020,2024-11-29 20:46:05.473,NULL
21,ORD_0000021,2024-11-29 20:46:05.473,NULL
22,ORD_0000022,2024-11-29 20:46:05.473,NULL
23,ORD_0000023,2024-11-29 20:46:05.473,NULL
24,ORD_0000024,2024-11-29 20:46:05.473,NULL
25,ORD_0000025,2024-11-29 20:46:05.473,NULL
26,ORD_0000026,2024-11-29 20:46:05.473,NULL
27,ORD_0000027,2024-11-29 20:46:05.473,NULL
28,ORD_0000028,2024-11-29 20:46:05.473,NULL
29,ORD_0000029,2024-11-29 20:46:05.473,NULL
30,ORD_0000030,2024-11-29 20:46:05.473,NULL
31,ORD_0000031,2024-11-29 20:46:05.473,NULL
32,ORD_0000032,2024-11-29 20:46:05.473,NULL
33,ORD_0000033,2024-11-29 20:46:05.473,NULL
34,ORD_0000034,2024-11-29 20:46:05.473,NULL
35,ORD_0000035,2024-11-29 20:46:05.473,NULL
36,ORD_0000036,2024-11-29 20:46:05.473,NULL
37,ORD_0000037,2024-11-29 20:46:05.473,NULL
38,ORD_0000038,2024-11-29 20:46:05.473,NULL
39,ORD_0000039,2024-11-29 20:46:05.473,NULL
40,ORD_0000040,2024-11-29 20:46:05.473,NULL
41,ORD_0000041,2024-11-29 20:46:05.473,NULL
42,ORD_0000042,2024-11-29 20:46:05.473,NULL
43,ORD_0000043,2024-11-29 20:46:05.473,NULL
44,ORD_0000044,2024-11-29 20:46:05.473,NULL
45,ORD_0000045,2024-11-29 20:46:05.473,NULL
46,ORD_0000046,2024-11-29 20:46:05.473,NULL
47,ORD_0000047,2024-11-29 20:46:05.473,NULL
48,ORD_0000048,2024-11-29 20:46:05.473,NULL
49,ORD_0000049,2024-11-29 20:46:05.473,NULL
50,ORD_0000050,2024-11-29 20:46:05.473,NULL
51,ORD_0000051,2024-11-29 20:46:05.473,NULL
52,ORD_0000052,2024-11-29 20:46:05.473,NULL
53,ORD_0000053,2024-11-29 20:46:05.473,NULL
54,ORD_0000054,2024-11-29 20:46:05.473,NULL
55,ORD_0000055,2024-11-29 20:46:05.473,NULL
56,ORD_0000056,2024-11-29 20:46:05.473,NULL
57,ORD_0000057,2024-11-29 20:46:05.473,NULL
58,ORD_0000058,2024-11-29 20:46:05.473,NULL
59,ORD_0000059,2024-11-29 20:46:05.473,NULL
60,ORD_0000060,2024-11-29 20:46:05.473,NULL
61,ORD_0000061,2024-11-29 20:46:05.473,NULL
62,ORD_0000062,2024-11-29 20:46:05.473,NULL
63,ORD_0000063,2024-11-29 20:46:05.473,NULL
64,ORD_0000064,2024-11-29 20:46:05.473,NULL
65,ORD_0000065,2024-11-29 20:46:05.473,NULL
66,ORD_0000066,2024-11-29 20:46:05.473,NULL
67,ORD_0000067,2024-11-29 20:46:05.473,NULL
68,ORD_0000068,2024-11-29 20:46:05.473,NULL
69,ORD_0000069,2024-11-29 20:46:05.473,NULL
70,ORD_0000070,2024-11-29 20:46:05.473,NULL
71,ORD_0000071,2024-11-29 20:46:05.473,NULL
72,ORD_0000072,2024-11-29 20:46:05.473,NULL
73,ORD_0000073,2024-11-29 20:46:05.473,NULL
74,ORD_0000074,2024-11-29 20:46:05.473,NULL
75,ORD_0000075,2024-11-29 20:46:05.473,NULL
76,ORD_0000076,2024-11-29 20:46:05.473,NULL
77,ORD_0000077,2024-11-29 20:46:05.473,NULL
78,ORD_0000078,2024-11-29 20:46:05.473,NULL
79,ORD_0000079,2024-11-29 20:46:05.473,NULL
80,ORD_0000080,2024-11-29 20:46:05.473,NULL
81,ORD_0000081,2024-11-29 20:46:05.473,NULL
82,ORD_0000082,2024-11-29 20:46:05.473,NULL
83,ORD_0000083,2024-11-29 20:46:05.473,NULL
84,ORD_0000084,2024-11-29 20:46:05.473,NULL
85,ORD_0000085,2024-11-29 20:46:05.473,NULL
86,ORD_0000086,2024-11-29 20:46:05.473,NULL
87,ORD_0000087,2024-11-29 20:46:05.473,NULL
88,ORD_0000088,2024-11-29 20:46:05.473,NULL
89,ORD_0000089,2024-11-29 20:46:05.473,NULL
90,ORD_0000090,2024-11-29 20:46:05.473,NULL
91,ORD_0000091,2024-11-29 20:46:05.473,NULL
92,ORD_0000092,2024-11-29 20:46:05.473,NULL
93,ORD_0000093,2024-11-29 20:46:05.473,NULL
94,ORD_0000094,2024-11-29 20:46:05.473,NULL
95,ORD_0000095,2024-11-29 20:46:05.473,NULL
96,ORD_0000096,2024-11-29 20:46:05.473,NULL
97,ORD_0000097,2024-11-29 20:46:05.473,NULL
98,ORD_0000098,2024-11-29 20:46:05.473,NULL
99,ORD_0000099,2024-11-29 20:46:05.473,NULL
100,ORD_0000100,2024-11-29 20:46:05.473,NULL
101,ORD_0000101,2024-11-29 20:46:05.473,NULL
102,ORD_0000102,2024-11-29 20:46:05.473,NULL
103,ORD_0000103,2024-11-29 20:46:05.473,NULL
104,ORD_0000104,2024-11-29 20:46:05.473,NULL
105,ORD_0000105,2024-11-29 20:46:05.473,NULL
106,ORD_0000106,2024-11-29 20:46:05.473,NULL
107,ORD_0000107,2024-11-29 20:46:05.473,NULL
108,ORD_0000108,2024-11-29 20:46:05.473,NULL
109,ORD_0000109,2024-11-29 20:46:05.473,NULL
110,ORD_0000110,2024-11-29 20:46:05.473,NULL
111,ORD_0000111,2024-11-29 20:46:05.473,NULL
112,ORD_0000112,2024-11-29 20:46:05.473,NULL
113,ORD_0000113,2024-11-29 20:46:05.473,NULL
114,ORD_0000114,2024-11-29 20:46:05.473,NULL
115,ORD_0000115,2024-11-29 20:46:05.473,NULL
116,ORD_0000116,2024-11-29 20:46:05.473,NULL
117,ORD_0000117,2024-11-29 20:46:05.473,NULL
118,ORD_0000118,2024-11-29 20:46:05.473,NULL
119,ORD_0000119,2024-11-29 20:46:05.473,NULL
120,ORD_0000120,2024-11-29 20:46:05.473,NULL
121,ORD_0000121,2024-11-29 20:46:05.473,NULL
122,ORD_0000122,2024-11-29 20:46:05.473,NULL
123,ORD_0000123,2024-11-29 20:46:05.473,NULL
124,ORD_0000124,2024-11-29 20:46:05.473,NULL
125,ORD_0000125,2024-11-29 20:46:05.473,NULL
126,ORD_0000126,2024-11-29 20:46:05.473,NULL
127,ORD_0000127,2024-11-29 20:46:05.473,NULL
128,ORD_0000128,2024-11-29 20:46:05.473,NULL
129,ORD_0000129,2024-11-29 20:46:05.473,NULL
130,ORD_0000130,2024-11-29 20:46:05.473,NULL
131,ORD_0000131,2024-11-29 20:46:05.473,NULL
132,ORD_0000132,2024-11-29 20:46:05.473,NULL
133,ORD_0000133,2024-11-29 20:46:05.473,NULL
134,ORD_0000134,2024-11-29 20:46:05.473,NULL
135,ORD_0000135,2024-11-29 20:46:05.473,NULL
136,ORD_0000136,2024-11-29 20:46:05.473,NULL
137,ORD_0000137,2024-11-29 20:46:05.473,NULL
138,ORD_0000138,2024-11-29 20:46:05.473,NULL
139,ORD_0000139,2024-11-29 20:46:05.473,NULL
140,ORD_0000140,2024-11-29 20:46:05.473,NULL
141,ORD_0000141,2024-11-29 20:46:05.473,NULL
142,ORD_0000142,2024-11-29 20:46:05.473,NULL
143,ORD_0000143,2024-11-29 20:46:05.473,NULL
144,ORD_0000144,2024-11-29 20:46:05.473,NULL
145,ORD_0000145,2024-11-29 20:46:05.473,NULL
146,ORD_0000146,2024-11-29 20:46:05.473,NULL
147,ORD_0000147,2024-11-29 20:46:05.473,NULL
148,ORD_0000148,2024-11-29 20:46:05.473,NULL
149,ORD_0000149,2024-11-29 20:46:05.473,NULL
150,ORD_0000150,2024-11-29 20:46:05.473,NULL
151,ORD_0000151,2024-11-29 20:46:05.473,NULL
152,ORD_0000152,2024-11-29 20:46:05.473,NULL
153,ORD_0000153,2024-11-29 20:46:05.473,NULL
154,ORD_0000154,2024-11-29 20:46:05.473,NULL
155,ORD_0000155,2024-11-29 20:46:05.473,NULL
156,ORD_0000156,2024-11-29 20:46:05.473,NULL
157,ORD_0000157,2024-11-29 20:46:05.473,NULL
158,ORD_0000158,2024-11-29 20:46:05.473,NULL
159,ORD_0000159,2024-11-29 20:46:05.473,NULL
160,ORD_0000160,2024-11-29 20:46:05.473,NULL
161,ORD_0000161,2024-11-29 20:46:05.473,NULL
162,ORD_0000162,2024-11-29 20:46:05.473,NULL
163,ORD_0000163,2024-11-29 20:46:05.473,NULL
164,ORD_0000164,2024-11-29 20:46:05.473,NULL
165,ORD_0000165,2024-11-29 20:46:05.473,NULL
166,ORD_0000166,2024-11-29 20:46:05.473,NULL
167,ORD_0000167,2024-11-29 20:46:05.473,NULL
168,ORD_0000168,2024-11-29 20:46:05.473,NULL
169,ORD_0000169,2024-11-29 20:46:05.473,NULL
170,ORD_0000170,2024-11-29 20:46:05.473,NULL
171,ORD_0000171,2024-11-29 20:46:05.473,NULL
172,ORD_0000172,2024-11-29 20:46:05.473,NULL
173,ORD_0000173,2024-11-29 20:46:05.473,NULL
174,ORD_0000174,2024-11-29 20:46:05.473,NULL
175,ORD_0000175,2024-11-29 20:46:05.473,NULL
176,ORD_0000176,2024-11-29 20:46:05.473,NULL
177,ORD_0000177,2024-11-29 20:46:05.473,NULL
178,ORD_0000178,2024-11-29 20:46:05.473,NULL
179,ORD_0000179,2024-11-29 20:46:05.473,NULL
180,ORD_0000180,2024-11-29 20:46:05.473,NULL
181,ORD_0000181,2024-11-29 20:46:05.473,NULL
182,ORD_0000182,2024-11-29 20:46:05.473,NULL
183,ORD_0000183,2024-11-29 20:46:05.473,NULL
184,ORD_0000184,2024-11-29 20:46:05.473,NULL
185,ORD_0000185,2024-11-29 20:46:05.473,NULL
186,ORD_0000186,2024-11-29 20:46:05.473,NULL
187,ORD_0000187,2024-11-29 20:46:05.473,NULL
188,ORD_0000188,2024-11-29 20:46:05.473,NULL
189,ORD_0000189,2024-11-29 20:46:05.473,NULL
190,ORD_0000190,2024-11-29 20:46:05.473,NULL
191,ORD_0000191,2024-11-29 20:46:05.473,NULL
192,ORD_0000192,2024-11-29 20:46:05.473,NULL
193,ORD_0000193,2024-11-29 20:46:05.473,NULL
194,ORD_0000194,2024-11-29 20:46:05.473,NULL
195,ORD_0000195,2024-11-29 20:46:05.473,NULL
196,ORD_0000196,2024-11-29 20:46:05.473,NULL
197,ORD_0000197,2024-11-29 20:46:05.473,NULL
198,ORD_0000198,2024-11-29 20:46:05.473,NULL
199,ORD_0000199,2024-11-29 20:46:05.473,NULL
200,ORD_0000200,2024-11-29 20:46:05.473,NULL
201,ORD_0000201,2024-11-29 20:46:05.473,NULL
202,ORD_0000202,2024-11-29 20:46:05.473,NULL
203,ORD_0000203,2024-11-29 20:46:05.473,NULL
204,ORD_0000204,2024-11-29 20:46:05.473,NULL
205,ORD_0000205,2024-11-29 20:46:05.473,NULL
206,ORD_0000206,2024-11-29 20:46:05.473,NULL
207,ORD_0000207,2024-11-29 20:46:05.473,NULL
208,ORD_0000208,2024-11-29 20:46:05.473,NULL
209,ORD_0000209,2024-11-29 20:46:05.473,NULL
210,ORD_0000003,2024-11-29 20:50:38.850,NULL
